CNT;gender;mathematics;reading;science
TUR;Male;372,86;397,79;413,01
TUR;Female;446,69;448,86;463,50
TUR;Female;429,03;481,61;464,37
TUR;Female;405,04;416,74;348,92
TUR;Female;388,49;373,08;399,02
TUR;Male;574,34;562,59;571,94
TUR;Male;559,58;543,47;553,25
TUR;Male;333,06;283,80;339,09
TUR;Male;492,82;523,53;515,72
TUR;Male;430,53;415,21;453,53
TUR;Female;545,67;571,40;577,31
TUR;Male;392,86;343,39;379,37
TUR;Female;517,43;561,53;598,56
TUR;Female;437,89;499,14;469,51
TUR;Male;515,94;496,81;499,06
TUR;Female;323,86;316,05;296,72
TUR;Female;487,09;483,10;493,10
TUR;Female;597,74;561,06;611,60
TUR;Female;494,82;529,10;554,66
TUR;Male;616,26;621,06;663,92
TUR;Male;332,89;300,91;330,89
TUR;Male;445,89;399,86;460,48
TUR;Male;383,04;410,05;404,98
TUR;Male;438,59;472,69;482,23
TUR;Female;506,53;504,62;538,78
TUR;Male;418,94;437,75;454,05
TUR;Male;398,10;363,90;422,91
TUR;Female;434,47;546,05;480,31
TUR;Male;319,62;309,02;311,52
TUR;Female;608,82;565,77;627,71
TUR;Female;477,41;477,08;488,91
TUR;Female;401,33;445,04;432,91
TUR;Female;406,62;402,66;413,87
TUR;Male;463,60;456,85;461,08
TUR;Female;466,80;479,94;526,82
TUR;Male;410,20;424,17;411,86
TUR;Male;338,50;278,90;346,45
TUR;Female;407,47;381,73;395,72
TUR;Female;403,95;468,44;435,58
TUR;Female;418,83;471,09;464,45
TUR;Male;423,48;424,61;405,57
TUR;Female;342,24;383,90;376,44
TUR;Female;454,20;558,94;520,99
TUR;Female;470,81;458,79;505,20
TUR;Female;403,69;476,69;489,97
TUR;Male;491,75;405,81;498,95
TUR;Male;412,86;406,06;449,20
TUR;Male;400,98;396,63;398,50
TUR;Female;386,74;421,22;418,23
TUR;Male;494,58;445,99;546,72
TUR;Female;532,55;503,68;567,50
TUR;Male;359,74;337,53;392,74
TUR;Male;547,67;540,26;546,38
TUR;Female;508,06;554,08;566,63
TUR;Female;503,35;542,41;543,25
TUR;Female;387,84;461,36;422,35
TUR;Male;362,88;318,34;364,96
TUR;Male;410,07;428,34;452,22
TUR;Female;626,20;606,69;609,41
TUR;Female;479,99;455,23;475,75
TUR;Female;410,07;409,09;433,68
TUR;Female;467,62;542,08;482,63
TUR;Female;531,45;561,92;548,01
TUR;Male;500,13;400,59;514,21
TUR;Female;429,90;524,19;416,88
TUR;Female;524,93;547,16;562,16
TUR;Male;529,54;477,08;565,15
TUR;Female;358,70;458,75;400,26
TUR;Female;613,00;529,28;579,77
TUR;Male;490,28;488,28;527,69
TUR;Male;337,57;290,48;268,57
TUR;Male;433,46;482,08;446,31
TUR;Male;520,94;442,09;499,28
TUR;Female;436,87;458,58;461,74
TUR;Male;536,68;561,76;612,79
TUR;Female;432,45;446,11;465,51
TUR;Female;540,18;577,80;536,84
TUR;Male;443,09;458,52;479,34
TUR;Female;422,13;440,47;461,65
TUR;Female;478,64;485,58;513,77
TUR;Male;528,19;475,51;515,90
TUR;Male;633,29;577,76;627,39
TUR;Male;467,42;416,34;457,72
TUR;Male;410,55;403,31;428,24
TUR;Male;442,70;443,97;474,05
TUR;Female;468,93;550,08;524,46
TUR;Female;411,92;406,82;451,38
TUR;Female;497,42;503,04;526,62
TUR;Male;304,02;292,35;334,98
TUR;Female;465,22;503,98;541,46
TUR;Female;558,95;614,10;657,82
TUR;Male;427,72;439,30;482,46
TUR;Female;325,09;333,80;338,37
TUR;Female;335,78;316,33;351,10
TUR;Male;352,84;383,86;373,82
TUR;Male;471,94;428,21;432,10
TUR;Male;323,49;285,25;353,26
TUR;Female;516,03;513,36;544,53
TUR;Male;620,95;594,09;608,08
TUR;Female;393,71;393,09;425,40
TUR;Female;358,88;415,80;400,88
TUR;Male;551,73;565,00;565,76
TUR;Male;460,47;473,84;484,91
TUR;Male;423,91;376,95;415,96
TUR;Male;370,91;361,80;405,14
TUR;Male;341,27;380,43;392,06
TUR;Female;352,25;444,37;404,57
TUR;Female;435,18;472,68;513,44
TUR;Male;483,16;436,30;494,06
TUR;Female;478,55;517,71;553,22
TUR;Male;480,06;512,33;491,67
TUR;Male;477,27;498,91;502,49
TUR;Female;367,82;431,43;382,14
TUR;Male;481,18;454,83;536,37
TUR;Male;469,52;421,71;498,71
TUR;Female;555,50;543,41;569,55
TUR;Male;537,47;541,15;582,16
TUR;Male;495,04;447,84;511,62
TUR;Male;434,40;369,43;460,37
TUR;Female;511,45;535,04;520,60
TUR;Male;540,75;560,96;576,13
TUR;Female;543,85;564,86;571,55
TUR;Male;540,97;551,10;543,55
TUR;Male;421,88;379,53;414,50
TUR;Male;411,01;442,16;458,76
TUR;Male;477,94;461,36;491,24
TUR;Female;342,94;378,56;400,01
TUR;Male;453,55;407,91;479,79
TUR;Female;412,05;467,74;436,42
TUR;Male;322,48;327,93;335,94
TUR;Female;424,74;467,23;469,36
TUR;Male;372,94;381,97;412,78
TUR;Female;418,83;460,36;443,28
TUR;Male;442,22;432,37;452,79
TUR;Male;469,87;417,79;403,97
TUR;Male;352,90;342,51;404,55
TUR;Female;511,49;567,58;538,94
TUR;Female;522,50;546,51;565,62
TUR;Male;498,60;500,29;552,79
TUR;Female;475,56;513,90;511,35
TUR;Male;428,03;490,17;435,79
TUR;Male;547,18;548,59;570,27
TUR;Male;515,52;532,63;515,40
TUR;Female;321,59;330,28;365,62
TUR;Female;572,39;587,04;572,71
TUR;Female;544,94;498,57;493,68
TUR;Female;356,18;423,10;429,71
TUR;Male;356,44;385,38;384,50
TUR;Male;461,02;450,87;447,03
TUR;Female;487,01;565,29;577,08
TUR;Female;364,49;414,97;465,38
TUR;Female;448,19;478,15;509,72
TUR;Male;532,19;497,08;589,90
TUR;Female;441,71;502,06;494,72
TUR;Male;377,33;370,27;427,27
TUR;Female;399,14;450,80;464,57
TUR;Female;289,35;290,24;348,76
TUR;Male;385,35;410,96;426,28
TUR;Female;406,68;476,08;423,18
TUR;Male;524,73;512,50;544,67
TUR;Male;387,10;415,87;431,67
TUR;Female;451,10;499,84;524,53
TUR;Female;398,75;369,05;395,30
TUR;Male;438,70;471,33;510,61
TUR;Female;470,68;499,54;510,72
TUR;Female;353,02;312,04;368,03
TUR;Female;482,68;536,99;530,14
TUR;Female;441,47;461,10;472,76
TUR;Male;524,04;469,71;528,74
TUR;Female;415,27;424,16;496,69
TUR;Male;313,65;354,71;361,59
TUR;Female;399,05;381,19;327,40
TUR;Male;341,31;300,90;383,80
TUR;Female;434,64;451,22;439,11
TUR;Female;481,69;459,32;473,14
TUR;Male;321,24;361,71;384,91
TUR;Female;349,54;283,84;327,30
TUR;Female;398,53;411,29;462,22
TUR;Female;273,67;342,18;319,11
TUR;Female;514,88;497,70;536,76
TUR;Male;460,22;419,13;485,60
TUR;Female;398,63;418,22;411,17
TUR;Female;556,77;500,27;501,29
TUR;Female;526,29;526,99;566,85
TUR;Female;644,68;563,71;630,34
TUR;Male;524,04;468,78;495,00
TUR;Female;426,01;460,19;504,46
TUR;Male;509,85;448,50;548,21
TUR;Male;495,98;500,50;543,12
TUR;Male;346,61;374,76;325,96
TUR;Female;564,85;442,02;542,33
TUR;Female;464,69;422,11;469,99
TUR;Male;471,07;428,79;521,03
TUR;Female;610,73;587,12;613,63
TUR;Female;431,37;454,16;457,40
TUR;Female;306,44;357,98;311,79
TUR;Male;399,83;435,74;444,42
TUR;Male;436,23;448,12;467,81
TUR;Male;388,59;390,55;384,08
TUR;Male;444,51;475,15;462,79
TUR;Male;411,32;410,30;451,05
TUR;Male;413,44;407,59;452,60
TUR;Male;441,17;485,35;491,10
TUR;Female;432,14;471,35;448,01
TUR;Female;509,13;508,93;507,21
TUR;Female;533,78;530,68;578,33
TUR;Female;414,26;464,28;447,79
TUR;Male;462,08;474,01;479,24
TUR;Female;577,53;520,83;591,64
TUR;Male;474,10;428,72;468,69
TUR;Male;389,61;441,12;467,76
TUR;Female;535,35;584,93;568,91
TUR;Female;553,05;528,43;576,26
TUR;Male;506,53;441,82;509,67
TUR;Female;473,08;520,35;537,49
TUR;Female;611,32;603,03;622,88
TUR;Male;376,05;409,56;450,22
TUR;Female;393,39;443,18;483,47
TUR;Female;320,80;301,55;329,79
TUR;Female;516,34;525,15;527,28
TUR;Male;348,76;355,80;393,49
TUR;Female;442,39;454,06;492,34
TUR;Male;489,89;409,83;501,36
TUR;Female;412,08;391,77;420,96
TUR;Male;373,55;411,51;400,87
TUR;Male;555,57;549,85;550,52
TUR;Female;471,64;529,34;494,65
TUR;Female;596,02;621,68;641,17
TUR;Male;384,81;363,65;379,79
TUR;Female;435,71;477,55;483,78
TUR;Male;422,10;403,27;422,96
TUR;Female;396,62;401,81;457,94
TUR;Male;609,92;611,95;648,67
TUR;Female;324,26;280,85;315,34
TUR;Male;559,36;550,58;588,81
TUR;Female;451,89;483,96;475,76
TUR;Female;414,74;496,86;431,31
TUR;Male;462,33;443,11;518,73
TUR;Male;469,73;438,48;457,56
TUR;Male;473,09;314,07;442,82
TUR;Female;648,57;592,18;642,48
TUR;Male;452,36;402,78;475,30
TUR;Male;363,44;334,37;377,27
TUR;Male;362,48;303,07;359,22
TUR;Male;553,61;555,97;577,24
TUR;Female;513,44;492,05;502,82
TUR;Male;483,95;478,56;496,46
TUR;Female;371,16;414,96;384,25
TUR;Male;512,49;496,66;478,26
TUR;Female;579,45;544,23;594,86
TUR;Male;485,88;529,72;499,64
TUR;Male;427,14;457,71;522,69
TUR;Female;373,90;466,73;407,60
TUR;Male;393,25;313,29;387,49
TUR;Female;473,86;504,84;508,82
TUR;Male;585,55;518,43;559,41
TUR;Female;483,13;501,12;531,71
TUR;Female;551,03;565,06;601,72
TUR;Male;345,30;330,50;383,97
TUR;Female;377,98;377,85;441,07
TUR;Male;359,45;376,69;389,09
TUR;Male;492,94;482,93;512,19
TUR;Male;483,83;465,95;495,43
TUR;Female;449,69;480,70;500,68
TUR;Female;377,83;380,05;440,56
TUR;Female;482,47;527,91;516,68
TUR;Female;496,55;530,81;543,34
TUR;Female;410,79;460,09;453,37
TUR;Female;331,85;371,19;398,98
TUR;Female;404,63;473,49;471,18
TUR;Female;584,72;589,39;617,60
TUR;Male;527,24;481,05;503,85
TUR;Male;652,27;611,49;678,12
TUR;Female;326,15;325,15;348,82
TUR;Female;344,02;364,01;409,04
TUR;Female;408,64;435,64;452,13
TUR;Female;462,23;513,04;557,62
TUR;Female;575,07;604,18;621,12
TUR;Female;380,08;372,18;426,89
TUR;Female;475,82;411,17;451,36
TUR;Male;428,80;496,02;487,32
TUR;Male;505,47;467,59;546,70
TUR;Male;464,11;538,89;452,75
TUR;Male;403,52;427,91;431,47
TUR;Male;421,26;427,11;437,10
TUR;Female;435,09;481,71;485,08
TUR;Female;390,02;399,14;402,96
TUR;Male;604,17;564,07;598,67
TUR;Female;391,07;356,79;414,91
TUR;Male;509,48;487,04;499,43
TUR;Male;381,96;338,00;436,42
TUR;Female;480,32;491,54;533,89
TUR;Female;482,21;514,85;543,68
TUR;Female;300,72;350,92;307,31
TUR;Female;350,30;370,66;402,16
TUR;Female;417,89;447,24;507,63
TUR;Male;432,79;363,84;468,92
TUR;Female;366,06;377,97;361,05
TUR;Male;428,30;464,55;485,42
TUR;Male;533,17;532,59;567,58
CZE;Male;614,00;619,06;604,37
CZE;Female;559,33;561,36;590,94
CZE;Female;526,61;528,44;552,18
CZE;Male;515,27;521,58;494,75
CZE;Female;434,86;462,69;497,94
CZE;Female;430,85;463,70;478,94
CZE;Male;720,00;624,74;708,06
CZE;Female;582,20;565,11;623,30
CZE;Male;383,97;429,01;355,60
CZE;Female;400,10;419,32;384,87
CZE;Male;389,41;438,41;400,49
CZE;Male;503,79;473,11;489,74
CZE;Male;504,68;490,00;531,74
CZE;Male;662,54;631,54;649,42
CZE;Female;584,15;586,23;583,78
CZE;Male;536,01;481,98;566,75
CZE;Male;465,76;450,21;489,94
CZE;Female;613,96;663,02;651,04
CZE;Male;626,62;512,37;615,20
CZE;Male;694,02;633,68;648,92
CZE;Female;519,73;522,52;529,67
CZE;Female;582,52;615,68;678,25
CZE;Female;374,87;443,79;362,84
CZE;Male;577,93;462,57;549,96
CZE;Female;498,38;529,45;502,88
CZE;Female;428,86;452,96;440,56
CZE;Male;514,84;544,86;550,01
CZE;Female;609,90;644,71;623,93
CZE;Female;547,67;581,81;598,32
CZE;Female;437,93;461,12;438,94
CZE;Male;402,56;327,39;351,61
CZE;Female;455,09;503,86;476,06
CZE;Male;417,23;425,23;417,45
CZE;Male;749,94;707,53;724,22
CZE;Male;461,93;431,73;451,35
CZE;Female;693,01;701,07;680,77
CZE;Male;655,09;645,62;644,97
CZE;Male;571,06;564,24;594,72
CZE;Male;493,52;503,77;532,06
CZE;Male;639,10;636,30;652,08
CZE;Male;534,67;521,56;534,92
CZE;Male;420,67;444,84;519,81
CZE;Male;567,13;599,55;581,46
CZE;Male;423,11;389,91;396,54
CZE;Male;573,07;473,53;589,54
CZE;Male;580,65;568,39;560,82
CZE;Female;545,46;491,71;595,80
CZE;Female;417,49;437,32;468,48
CZE;Female;475,57;533,23;478,38
CZE;Female;574,18;547,40;563,61
CZE;Male;606,68;553,79;579,06
CZE;Male;401,02;346,61;395,20
CZE;Female;441,15;440,27;444,40
CZE;Male;673,71;653,10;708,02
CZE;Male;573,07;542,02;606,74
CZE;Male;528,87;436,52;492,15
CZE;Male;395,05;351,89;401,39
CZE;Female;460,02;421,29;449,64
CZE;Male;344,24;388,16;338,11
CZE;Male;396,33;391,08;442,56
CZE;Female;491,21;546,92;504,16
CZE;Female;350,66;388,37;377,48
CZE;Male;359,02;442,42;382,46
CZE;Female;505,94;584,70;535,22
CZE;Female;480,99;515,85;523,31
CZE;Female;521,97;483,23;491,82
CZE;Male;680,26;652,16;714,74
CZE;Male;397,03;401,93;418,29
CZE;Female;622,44;612,72;624,57
CZE;Male;551,49;557,76;563,93
CZE;Male;434,31;446,58;421,69
CZE;Female;473,12;507,96;456,18
CZE;Male;472,63;415,02;472,84
CZE;Male;418,36;415,34;462,55
CZE;Female;557,18;569,67;615,99
CZE;Male;316,08;271,60;357,01
CZE;Male;599,94;566,46;603,31
CZE;Female;602,54;708,75;595,45
CZE;Male;479,65;474,80;545,44
CZE;Female;539,95;567,89;572,10
CZE;Male;396,36;428,17;442,17
CZE;Male;556,58;540,05;566,52
CZE;Female;343,15;331,02;379,81
CZE;Female;626,02;652,35;659,82
CZE;Female;496,19;535,06;536,01
CZE;Male;614,22;590,64;619,11
CZE;Female;381,26;446,48;477,56
CZE;Female;525,71;547,90;526,08
CZE;Male;590,00;542,36;522,74
CZE;Female;571,53;574,58;594,39
CZE;Female;446,33;396,23;409,39
CZE;Male;573,56;488,00;610,00
CZE;Female;378,48;379,75;391,36
CZE;Female;486,76;550,50;535,97
CZE;Male;571,96;532,80;548,74
CZE;Male;407,09;436,35;483,50
CZE;Female;523,22;542,89;481,31
CZE;Male;536,25;461,76;512,93
CZE;Male;370,43;286,40;373,86
CZE;Female;517,85;524,60;565,01
CZE;Male;548,68;495,27;568,68
CZE;Female;402,48;456,05;500,55
CZE;Female;534,51;509,18;544,91
CZE;Male;676,97;540,81;673,62
CZE;Male;378,52;380,98;380,91
CZE;Female;537,55;607,73;553,03
CZE;Female;407,77;407,89;368,99
CZE;Female;458,18;493,05;468,65
CZE;Male;493,23;474,52;488,77
CZE;Female;453,39;544,26;491,50
CZE;Female;523,77;622,53;544,97
CZE;Male;507,43;507,33;542,04
CZE;Female;558,92;551,31;557,47
CZE;Female;578,16;588,79;597,73
CZE;Male;389,34;398,74;390,71
CZE;Female;507,79;466,47;534,98
CZE;Male;573,17;511,40;603,57
CZE;Female;451,63;460,44;455,01
CZE;Female;648,10;647,83;642,16
CZE;Female;581,34;616,63;543,56
CZE;Female;638,92;647,96;603,58
CZE;Female;330,52;375,51;350,15
CZE;Female;504,13;517,19;554,40
CZE;Female;461,86;392,44;420,90
CZE;Female;548,42;564,91;552,79
CZE;Male;573,69;527,01;528,62
CZE;Female;448,04;391,17;442,11
CZE;Male;429,12;439,75;484,77
CZE;Male;411,89;494,88;450,02
CZE;Male;491,37;477,42;523,09
CZE;Female;571,90;596,23;594,06
CZE;Female;530,20;490,34;479,43
CZE;Female;474,04;535,62;535,84
CZE;Male;679,78;705,96;732,29
CZE;Female;565,43;582,46;580,52
CZE;Male;455,92;452,19;428,71
CZE;Female;595,09;595,20;604,62
CZE;Female;563,36;581,03;544,02
CZE;Male;405,01;413,83;385,80
CZE;Male;420,56;489,95;406,64
CZE;Female;433,66;438,22;430,36
CZE;Female;458,25;477,82;496,77
CZE;Female;587,16;603,43;652,75
CZE;Female;565,97;590,14;619,48
CZE;Male;419,17;323,34;414,03
CZE;Female;564,67;594,46;562,74
CZE;Male;369,36;359,41;374,80
CZE;Female;554,10;550,27;500,71
CZE;Male;426,94;390,27;477,43
CZE;Male;630,89;628,50;694,28
CZE;Female;559,11;620,25;573,71
CZE;Female;589,15;598,66;630,41
CZE;Female;496,67;482,37;491,77
CZE;Female;550,81;523,83;522,94
CZE;Male;530,73;551,09;532,98
CZE;Male;468,56;513,45;515,01
CZE;Male;588,22;513,03;623,82
CZE;Male;562,20;551,85;617,30
CZE;Female;621,55;641,75;614,04
CZE;Male;404,90;405,79;438,63
CZE;Male;489,56;504,46;511,43
CZE;Female;559,66;605,58;616,20
CZE;Male;471,92;447,65;436,43
CZE;Male;513,26;531,98;545,73
CZE;Female;560,32;490,80;575,14
CZE;Female;509,96;526,22;560,64
CZE;Female;330,47;381,25;387,08
CZE;Male;422,74;359,70;399,69
CZE;Male;462,35;477,59;422,56
CZE;Male;608,03;574,27;559,97
CZE;Female;444,50;499,89;462,58
CZE;Male;431,27;367,48;424,91
CZE;Female;373,84;432,51;386,56
CZE;Female;474,67;506,22;481,87
CZE;Male;535,94;591,47;595,89
CZE;Female;530,65;609,81;605,12
CZE;Male;427,24;469,61;403,70
CZE;Male;323,78;316,72;373,73
CZE;Male;421,29;366,24;397,71
CZE;Female;579,37;597,82;614,61
CZE;Female;551,49;589,34;578,11
CZE;Male;425,74;438,97;408,11
CZE;Female;558,01;549,37;531,27
CZE;Female;473,54;439,39;414,03
CZE;Male;553,90;476,16;524,97
CZE;Male;576,66;640,42;630,15
CZE;Female;525,35;562,72;560,35
CZE;Female;593,20;583,96;609,19
CZE;Female;543,05;576,10;582,29
CZE;Male;558,73;594,01;566,64
CZE;Female;534,52;525,34;561,27
CZE;Male;437,91;445,89;441,21
CZE;Male;683,95;635,46;725,34
CZE;Male;383,44;330,80;434,67
CZE;Female;449,52;555,75;540,33
CZE;Female;597,35;575,99;599,66
CZE;Female;442,56;468,24;512,90
CZE;Female;441,61;496,51;454,50
CZE;Female;580,42;613,45;603,98
CZE;Female;393,84;425,74;417,00
CZE;Male;357,20;379,01;402,30
CZE;Female;505,64;558,74;514,17
CZE;Male;503,96;458,18;533,87
CZE;Female;544,85;563,41;551,63
CZE;Male;453,37;449,44;475,30
CZE;Male;475,92;439,52;464,41
CZE;Male;351,83;383,70;390,05
CZE;Female;314,91;314,79;350,59
CZE;Female;579,79;537,03;595,62
CZE;Female;542,18;601,11;541,71
CZE;Male;663,07;642,74;708,47
CZE;Female;389,56;420,79;401,39
CZE;Male;490,39;456,69;500,25
CZE;Male;620,77;619,93;655,13
CZE;Male;485,65;528,04;534,48
CZE;Male;452,50;526,87;525,30
CZE;Male;723,69;636,20;681,07
CZE;Female;454,25;439,98;436,93
CZE;Male;330,89;271,18;314,88
CZE;Male;564,42;554,62;605,12
CZE;Female;444,05;415,37;467,03
CZE;Male;584,50;575,52;582,59
CZE;Female;412,51;374,08;396,83
CZE;Female;575,20;669,89;687,00
CZE;Male;558,73;523,70;584,14
CZE;Female;565,88;646,74;604,37
CZE;Male;299,82;314,64;350,25
CZE;Female;422,25;448,61;451,14
CZE;Female;589,11;630,10;604,91
CZE;Female;440,47;475,74;458,43
CZE;Female;515,53;477,08;554,90
CZE;Female;375,34;387,74;418,76
CZE;Female;294,67;301,80;294,86
CZE;Male;479,11;411,56;498,89
CZE;Female;575,15;541,77;625,96
CZE;Male;455,07;406,08;427,31
CZE;Male;651,44;528,05;652,32
CZE;Female;632,64;633,55;642,91
CZE;Male;529,48;578,06;549,58
CZE;Male;421,95;434,99;390,30
CZE;Male;563,28;541,71;577,04
CZE;Male;366,09;356,66;327,69
CZE;Female;366,75;394,90;388,54
CZE;Female;518,72;469,38;511,49
CZE;Female;474,73;511,10;449,01
CZE;Male;434,31;424,09;430,37
CZE;Male;643,98;591,27;634,56
CZE;Female;449,71;462,26;418,11
CZE;Male;414,18;396,95;458,36
CZE;Female;429,47;438,34;435,23
CZE;Female;427,05;482,30;482,93
CZE;Female;615,75;540,73;595,09
CZE;Male;496,40;523,76;508,27
CZE;Female;494,79;613,94;549,71
CZE;Male;541,75;546,32;514,37
CZE;Female;547,58;624,02;556,16
CZE;Male;634,42;592,61;657,79
CZE;Female;570,78;601,15;573,08
CZE;Female;306,74;353,25;346,93
CZE;Male;432,04;421,09;448,40
CZE;Female;356,87;479,71;366,09
CZE;Male;520,94;514,18;514,81
CZE;Female;403,13;414,37;445,14
CZE;Male;340,44;416,53;336,37
CZE;Female;409,59;367,60;403,23
CZE;Female;574,33;592,57;594,73
CZE;Male;576,17;531,36;506,92
CZE;Male;555,87;456,34;545,64
CZE;Male;479,10;528,85;527,50
CZE;Female;442,62;412,58;419,86
CZE;Female;640,86;718,96;623,82
CZE;Female;607,02;593,43;621,19
CZE;Female;557,40;569,73;580,79
CZE;Female;350,76;388,73;438,43
CZE;Male;450,15;492,73;436,05
CZE;Male;332,57;337,53;368,10
CZE;Female;492,69;533,30;476,58
CZE;Male;609,65;608,67;624,09
CZE;Male;586,26;521,84;566,85
CZE;Female;749,18;684,59;773,12
CZE;Male;611,29;616,37;600,03
CZE;Female;383,36;499,35;537,91
CZE;Male;388,24;396,33;400,96
CZE;Male;506,65;463,76;531,59
CZE;Female;629,50;655,57;612,80
CZE;Female;504,24;501,19;519,98
CZE;Female;362,25;398,86;359,15
CZE;Female;623,55;663,26;646,94
CZE;Male;442,10;410,70;439,30
CZE;Female;526,40;533,99;528,84
CZE;Male;591,80;601,35;652,55
CZE;Male;448,11;424,33;446,66
CZE;Female;371,75;329,69;401,38
CZE;Male;363,80;382,25;395,19
CZE;Male;378,73;380,49;435,51
CZE;Male;560,83;479,61;500,55
CZE;Male;533,04;532,57;557,93
CZE;Female;476,11;452,00;440,65
CZE;Male;704,88;647,34;628,04
CZE;Male;402,98;435,68;413,80
CHE;Male;532,51;408,59;457,60
CHE;Male;545,19;562,29;571,23
CHE;Female;594,63;558,64;610,46
CHE;Female;429,54;463,91;453,71
CHE;Female;352,66;259,33;352,26
CHE;Female;529,68;509,59;506,43
CHE;Female;364,67;342,88;339,92
CHE;Male;435,69;439,08;394,44
CHE;Male;522,78;397,55;465,59
CHE;Female;372,05;329,93;339,60
CHE;Male;370,31;329,66;325,25
CHE;Female;476,56;435,48;479,78
CHE;Male;489,06;453,72;536,62
CHE;Female;341,30;320,79;330,19
CHE;Female;398,13;400,08;380,31
CHE;Male;597,17;517,98;567,25
CHE;Male;330,82;305,76;283,89
CHE;Male;449,23;383,59;457,43
CHE;Female;565,74;553,64;614,67
CHE;Female;588,16;634,28;620,05
CHE;Male;732,84;671,50;667,04
CHE;Female;580,52;495,58;543,37
CHE;Male;428,73;432,98;417,44
CHE;Female;383,88;438,43;396,26
CHE;Male;558,42;490,45;527,12
CHE;Male;551,44;547,10;528,02
CHE;Male;381,23;355,61;349,08
CHE;Female;464,54;442,17;450,78
CHE;Female;522,56;501,63;524,01
CHE;Female;617,87;642,05;604,03
CHE;Female;479,98;419,32;417,98
CHE;Female;343,95;329,25;370,48
CHE;Female;538,57;514,54;540,43
CHE;Female;544,69;574,11;522,20
CHE;Female;446,04;415,12;450,05
CHE;Female;379,43;274,98;393,66
CHE;Female;404,93;409,20;427,00
CHE;Male;362,00;299,17;355,88
CHE;Male;468,08;421,10;503,89
CHE;Female;398,00;458,37;443,74
CHE;Male;660,32;598,75;644,53
CHE;Female;365,07;347,73;372,26
CHE;Male;539,05;431,59;460,13
CHE;Female;478,44;466,08;439,19
CHE;Male;570,84;549,56;577,16
CHE;Male;558,90;539,06;564,77
CHE;Female;516,31;496,78;546,23
CHE;Female;458,11;506,68;448,40
CHE;Female;362,67;419,63;369,62
CHE;Female;594,76;581,32;603,65
CHE;Female;558,55;581,99;563,13
CHE;Female;504,65;462,48;499,19
CHE;Male;671,04;608,98;629,67
CHE;Male;370,57;359,13;357,78
CHE;Male;439,77;433,60;453,96
CHE;Female;597,88;626,44;602,13
CHE;Female;547,39;503,86;580,66
CHE;Male;468,79;445,69;484,98
CHE;Female;395,77;465,50;444,60
CHE;Male;520,57;487,09;509,58
CHE;Male;632,87;588,36;587,78
CHE;Female;549,72;579,29;557,81
CHE;Male;437,18;422,70;429,23
CHE;Female;508,60;519,05;481,96
CHE;Male;395,94;319,10;338,93
CHE;Male;649,53;663,52;659,26
CHE;Male;434,05;393,35;435,64
CHE;Female;407,27;480,03;454,22
CHE;Male;320,90;309,72;316,54
CHE;Male;486,09;441,31;462,81
CHE;Male;408,12;344,26;409,72
CHE;Female;578,68;538,32;544,97
CHE;Female;417,81;422,44;385,89
CHE;Male;543,43;506,06;518,25
CHE;Male;597,94;525,16;566,92
CHE;Female;458,97;422,64;496,30
CHE;Female;698,87;706,53;713,32
CHE;Female;503,04;502,56;515,48
CHE;Female;376,85;460,75;455,65
CHE;Female;369,52;350,89;389,35
CHE;Female;447,53;423,68;435,06
CHE;Male;407,73;336,72;357,74
CHE;Female;390,34;424,57;451,59
CHE;Male;382,98;371,15;366,31
CHE;Male;495,23;501,91;504,28
CHE;Female;560,17;603,52;577,32
CHE;Male;713,90;730,31;724,20
CHE;Male;447,73;439,45;406,49
CHE;Female;588,80;559,75;603,97
CHE;Male;416,06;418,60;394,55
CHE;Female;396,15;393,39;436,13
CHE;Male;480,70;427,03;498,93
CHE;Female;401,87;446,71;454,57
CHE;Female;415,49;395,65;351,84
CHE;Male;607,19;529,53;600,84
CHE;Male;698,17;587,94;653,55
CHE;Female;527,06;495,08;488,26
CHE;Female;459,69;425,20;490,70
CHE;Male;610,51;602,73;624,51
CHE;Female;492,13;508,62;466,18
CHE;Male;313,72;288,62;371,87
CHE;Male;348,11;330,42;298,56
CHE;Male;511,30;469,84;532,39
CHE;Female;485,08;484,73;482,78
CHE;Female;510,56;492,66;530,36
CHE;Female;560,74;511,69;557,61
CHE;Male;393,07;374,12;384,59
CHE;Female;521,65;448,77;436,64
CHE;Female;529,58;502,96;444,01
CHE;Male;368,18;467,13;417,22
CHE;Male;562,13;467,85;445,76
CHE;Female;500,59;495,13;512,58
CHE;Female;415,42;409,02;382,82
CHE;Female;609,61;573,13;588,85
CHE;Male;523,22;503,38;525,85
CHE;Male;524,92;490,75;519,58
CHE;Female;416,51;484,95;522,90
CHE;Male;541,25;544,02;508,13
CHE;Female;637,38;602,46;601,12
CHE;Male;583,70;475,47;524,94
CHE;Male;624,54;502,31;545,83
CHE;Female;636,21;634,78;641,14
CHE;Male;471,21;522,33;453,21
CHE;Male;452,91;384,26;373,03
CHE;Male;544,27;416,14;496,88
CHE;Male;483,09;432,92;463,40
CHE;Female;580,34;584,20;561,87
CHE;Male;477,20;447,13;483,77
CHE;Female;443,42;453,31;427,32
CHE;Female;389,92;415,44;375,62
CHE;Male;498,18;361,59;453,98
CHE;Male;364,94;314,07;384,73
CHE;Female;534,52;560,10;576,73
CHE;Male;347,32;372,58;331,46
CHE;Female;518,56;555,48;520,75
CHE;Female;499,79;595,61;540,31
CHE;Female;529,58;491,08;525,52
CHE;Male;452,93;375,60;444,78
CHE;Male;499,39;406,51;452,54
CHE;Female;612,11;629,22;634,51
CHE;Male;671,48;597,12;642,11
CHE;Female;567,68;612,21;522,79
CHE;Female;556,12;567,95;614,39
CHE;Male;547,79;565,62;572,77
CHE;Male;412,41;452,14;399,48
CHE;Male;513,63;547,70;565,81
CHE;Male;325,23;245,78;284,29
CHE;Female;552,00;511,61;575,21
CHE;Female;474,66;456,77;480,90
CHE;Female;529,57;527,13;525,87
CHE;Female;646,27;614,52;617,77
CHE;Female;343,67;267,55;327,10
CHE;Male;535,55;496,12;469,92
CHE;Male;405,25;308,65;398,17
CHE;Male;457,80;427,48;451,02
CHE;Female;499,07;540,84;508,33
CHE;Female;447,82;458,59;452,78
CHE;Female;422,07;458,85;439,72
CHE;Male;605,70;603,32;632,26
CHE;Female;434,15;386,20;427,60
CHE;Male;442,83;395,51;451,71
CHE;Female;551,71;550,06;521,11
CHE;Female;606,78;598,82;562,06
CHE;Male;497,13;413,84;448,17
CHE;Male;586,77;601,85;579,24
CHE;Female;428,09;424,88;426,86
CHE;Female;503,18;515,35;495,11
CHE;Male;512,26;451,85;501,54
CHE;Female;642,43;677,39;654,05
CHE;Female;462,04;421,24;428,97
CHE;Female;454,88;477,21;443,16
CHE;Male;448,09;408,21;467,59
CHE;Female;440,24;446,73;445,92
CHE;Female;476,07;502,13;476,11
CHE;Female;639,46;660,87;617,13
CHE;Female;517,94;451,92;508,52
CHE;Female;467,90;495,79;501,69
CHE;Female;735,50;619,98;698,72
CHE;Male;551,91;488,06;530,86
CHE;Female;467,30;475,25;488,22
CHE;Female;496,14;554,00;503,70
CHE;Male;687,96;661,68;734,30
CHE;Female;645,85;672,21;657,65
CHE;Female;454,94;459,23;412,42
CHE;Male;451,77;373,56;417,04
CHE;Male;438,71;398,35;425,65
CHE;Male;495,60;476,88;479,28
CHE;Male;402,89;245,87;390,57
CHE;Male;479,30;448,25;396,92
CHE;Female;428,16;322,31;361,79
CHE;Female;478,85;477,85;479,12
CHE;Female;349,25;427,74;359,44
CHE;Female;631,73;589,47;642,05
CHE;Male;479,23;340,11;394,35
CHE;Female;466,70;468,60;484,76
CHE;Male;325,86;311,12;323,45
CHE;Male;657,44;577,01;598,69
CHE;Male;525,05;415,23;531,53
CHE;Female;574,22;592,33;590,69
CHE;Female;529,42;536,91;522,50
CHE;Female;628,96;553,61;608,92
CHE;Male;356,50;344,72;352,67
CHE;Male;477,01;487,57;472,12
CHE;Male;482,82;391,73;421,67
CHE;Female;614,36;612,96;611,53
CHE;Female;505,14;537,47;501,40
CHE;Male;394,01;395,41;453,65
CHE;Male;590,52;539,86;569,24
CHE;Female;559,33;537,60;569,28
CHE;Female;545,09;545,92;543,10
CHE;Male;557,25;515,40;566,86
CHE;Male;407,46;336,00;337,88
CHE;Male;495,94;476,32;504,15
CHE;Female;493,90;496,56;477,46
CHE;Female;460,57;449,08;471,09
CHE;Male;389,59;259,42;353,12
CHE;Male;561,00;522,19;521,55
CHE;Female;430,42;381,76;345,09
CHE;Female;426,22;388,32;394,09
CHE;Male;557,20;567,50;587,15
CHE;Male;549,68;542,38;562,90
CHE;Female;387,24;391,82;381,34
CHE;Female;526,48;433,46;537,08
CHE;Female;461,00;484,36;503,38
CHE;Male;578,19;525,75;576,99
CHE;Female;601,84;571,68;597,83
CHE;Female;577,02;589,82;589,73
CHE;Male;530,42;559,22;534,97
CHE;Female;405,68;391,94;487,22
CHE;Male;683,89;622,38;659,90
CHE;Female;305,38;236,51;306,67
CHE;Male;393,19;352,69;345,10
CHE;Male;463,90;415,78;463,17
CHE;Female;374,14;408,24;342,38
CHE;Female;357,81;338,92;430,65
CHE;Female;543,87;549,24;592,37
CHE;Male;516,37;503,25;574,20
CHE;Female;599,66;594,83;609,93
CHE;Female;435,72;438,79;407,59
CHE;Female;573,36;541,08;571,21
CHE;Male;420,88;335,61;376,97
CHE;Female;602,63;628,95;636,31
CHE;Male;373,27;324,16;395,97
CHE;Female;651,07;634,03;631,18
CHE;Female;384,99;364,52;416,39
CHE;Female;449,88;410,96;474,26
CHE;Male;439,20;394,32;410,93
CHE;Female;503,00;503,25;531,74
CHE;Female;367,88;306,36;331,57
CHE;Male;281,52;244,14;222,34
CHE;Male;644,25;663,15;647,48
CHE;Female;646,77;626,19;627,16
CHE;Male;481,83;494,12;505,47
CHE;Male;522,08;436,45;510,70
CHE;Female;422,47;401,03;446,61
CHE;Female;538,92;503,78;493,43
CHE;Male;540,72;542,76;587,13
CHE;Female;517,78;522,23;507,37
CHE;Male;586,04;518,79;551,85
CHE;Male;428,01;369,84;405,88
CHE;Male;464,16;475,92;494,27
CHE;Female;578,32;616,95;608,27
CHE;Female;451,58;334,72;403,88
CHE;Male;602,83;554,16;601,94
CHE;Male;541,26;502,63;556,27
CHE;Male;382,19;314,13;403,50
CHE;Female;456,20;506,94;504,17
CHE;Male;699,60;648,01;673,01
CHE;Male;642,13;574,76;611,49
CHE;Female;499,74;515,73;534,91
CHE;Male;517,66;482,21;536,62
CHE;Male;419,82;417,76;407,86
CHE;Female;465,83;473,46;513,35
CHE;Female;530,38;589,96;533,43
CHE;Male;561,25;503,20;540,99
CHE;Female;432,85;482,46;430,20
CHE;Female;586,57;595,23;584,25
CHE;Female;562,70;544,89;554,21
CHE;Male;483,78;370,58;415,29
CHE;Female;401,28;370,89;418,59
CHE;Male;590,82;544,38;554,80
CHE;Male;480,86;491,40;549,24
CHE;Female;456,85;397,61;443,20
CHE;Male;383,12;354,07;328,55
CHE;Male;513,55;418,70;537,11
CHE;Female;554,97;545,38;533,66
CHE;Female;417,14;297,20;367,63
CHE;Male;471,66;496,50;429,71
CHE;Male;509,62;434,58;521,96
CHE;Male;460,24;340,78;404,28
CHE;Female;594,43;606,02;544,07
CHE;Male;385,74;332,93;415,25
CHE;Female;645,49;657,24;688,57
CHE;Female;530,62;534,41;506,48
CHE;Female;492,13;489,94;487,39
CHE;Female;438,90;459,09;439,75
CHE;Male;309,60;291,79;286,57
CHE;Female;407,87;424,32;359,07
CHE;Male;370,13;331,39;396,59
CHE;Female;496,64;546,35;483,53
FRA;Female;529,77;582,20;603,65
FRA;Male;492,54;465,63;519,50
FRA;Male;417,62;465,48;486,08
FRA;Female;550,53;587,56;581,65
FRA;Male;588,97;622,77;623,06
FRA;Male;529,27;528,70;550,89
FRA;Female;517,67;542,70;495,09
FRA;Male;330,51;276,82;294,69
FRA;Male;488,11;547,18;504,78
FRA;Male;423,87;382,58;400,70
FRA;Male;501,28;455,97;500,25
FRA;Male;402,44;367,67;399,42
FRA;Male;400,13;395,67;411,62
FRA;Female;462,36;476,98;480,34
FRA;Female;520,35;595,26;564,58
FRA;Male;366,30;327,08;341,65
FRA;Male;534,39;472,56;521,71
FRA;Female;371,11;372,23;380,62
FRA;Female;500,05;529,63;511,41
FRA;Female;328,27;371,46;357,03
FRA;Female;414,24;421,65;442,48
FRA;Female;368,47;340,97;363,09
FRA;Male;660,23;647,76;718,83
FRA;Male;459,53;399,50;375,67
FRA;Male;533,65;503,09;475,88
FRA;Female;596,47;632,37;585,15
FRA;Female;482,39;528,63;483,82
FRA;Female;399,88;519,23;465,80
FRA;Male;498,33;517,16;500,01
FRA;Female;617,32;685,48;664,02
FRA;Male;559,31;581,35;503,73
FRA;Male;447,20;419,01;451,63
FRA;Male;411,36;380,64;383,64
FRA;Male;376,02;257,67;373,99
FRA;Male;402,65;426,31;480,93
FRA;Male;338,83;321,11;297,51
FRA;Female;521,85;512,08;555,73
FRA;Male;501,41;509,22;500,06
FRA;Male;625,03;579,00;639,68
FRA;Female;584,63;594,66;607,43
FRA;Male;373,68;373,19;380,67
FRA;Male;438,53;408,58;480,57
FRA;Female;423,53;452,51;436,58
FRA;Male;418,77;385,96;356,98
FRA;Male;507,47;439,77;481,44
FRA;Female;372,69;346,03;394,88
FRA;Female;448,73;495,78;425,21
FRA;Male;542,99;516,25;500,76
FRA;Female;440,98;477,21;475,96
FRA;Male;293,02;280,25;310,80
FRA;Female;529,78;596,16;570,18
FRA;Male;545,65;550,47;491,02
FRA;Female;546,84;517,51;540,78
FRA;Male;571,46;566,04;529,44
FRA;Male;533,59;504,60;532,51
FRA;Female;624,15;626,55;690,62
FRA;Male;426,87;404,88;386,51
FRA;Female;364,66;378,89;310,90
FRA;Female;601,52;645,13;591,13
FRA;Male;325,88;292,28;330,04
FRA;Male;442,62;408,53;529,87
FRA;Male;518,56;491,94;500,10
FRA;Male;596,46;587,83;619,17
FRA;Female;436,91;458,95;455,38
FRA;Male;505,56;472,85;514,32
FRA;Female;315,44;324,92;358,32
FRA;Male;518,76;582,06;535,27
FRA;Female;447,94;470,27;465,51
FRA;Female;425,67;487,21;482,07
FRA;Male;433,45;486,25;431,34
FRA;Female;446,46;476,72;465,48
FRA;Female;417,53;414,52;430,12
FRA;Male;527,69;524,01;547,55
FRA;Male;443,84;440,80;443,30
FRA;Female;488,91;494,90;541,64
FRA;Male;338,30;378,32;394,27
FRA;Female;457,27;497,89;510,93
FRA;Male;360,34;329,04;324,68
FRA;Female;329,22;295,11;377,29
FRA;Male;426,22;394,67;510,92
FRA;Male;605,27;526,32;593,46
FRA;Male;347,91;329,37;402,83
FRA;Male;269,66;244,20;273,94
FRA;Female;336,22;342,02;315,10
FRA;Female;471,86;492,39;527,23
FRA;Male;492,21;456,63;508,85
FRA;Male;350,06;367,22;281,54
FRA;Male;331,06;283,49;348,44
FRA;Male;446,55;406,13;437,35
FRA;Male;499,51;412,48;520,14
FRA;Female;402,92;459,32;396,17
FRA;Male;521,80;478,28;522,13
FRA;Male;488,97;486,94;461,26
FRA;Male;370,79;328,21;381,51
FRA;Male;530,36;535,24;492,68
FRA;Female;393,94;364,37;384,12
FRA;Female;401,94;422,99;412,82
FRA;Female;570,22;552,26;606,59
FRA;Male;425,40;367,36;451,00
FRA;Female;485,18;503,81;498,90
FRA;Female;591,39;624,73;559,73
FRA;Male;558,50;478,56;562,13
FRA;Male;319,23;256,24;343,10
FRA;Male;586,11;591,61;616,44
FRA;Male;452,30;458,70;456,10
FRA;Male;631,57;564,04;618,79
FRA;Male;499,57;463,20;499,82
FRA;Male;402,88;376,58;364,51
FRA;Male;347,87;322,89;344,45
FRA;Female;420,47;536,84;418,32
FRA;Male;481,49;478,58;563,37
FRA;Female;528,66;540,08;572,80
FRA;Male;570,71;567,21;588,03
FRA;Female;601,58;549,10;634,85
FRA;Female;585,63;659,01;637,14
FRA;Male;252,92;202,26;263,23
FRA;Male;559,14;549,13;536,43
FRA;Male;375,83;347,18;415,62
FRA;Female;543,10;537,06;556,39
FRA;Female;379,06;462,16;415,19
FRA;Female;411,75;443,08;441,55
FRA;Female;616,56;682,35;636,46
FRA;Male;451,24;390,04;440,96
FRA;Male;578,23;570,88;573,49
FRA;Female;453,07;392,41;435,05
FRA;Male;675,20;687,21;719,88
FRA;Male;398,95;347,77;386,37
FRA;Female;474,06;552,08;492,74
FRA;Female;474,40;466,54;473,05
FRA;Female;321,41;305,80;371,05
FRA;Female;447,07;480,95;516,95
FRA;Female;488,93;515,14;439,60
FRA;Male;469,10;472,17;470,49
FRA;Female;577,37;542,75;572,25
FRA;Male;354,36;386,69;388,77
FRA;Male;292,77;295,60;313,71
FRA;Male;502,58;455,44;522,22
FRA;Male;493,88;481,56;498,69
FRA;Female;420,93;425,83;448,24
FRA;Female;429,79;386,85;448,00
FRA;Female;464,04;496,91;507,27
FRA;Female;569,00;603,61;584,44
FRA;Male;340,34;301,31;344,81
FRA;Female;322,92;311,53;337,09
FRA;Female;611,23;624,96;588,34
FRA;Male;333,69;247,96;308,48
FRA;Female;508,22;598,59;565,64
FRA;Female;620,33;663,57;654,04
FRA;Male;604,22;645,37;625,74
FRA;Female;525,93;493,41;557,72
FRA;Female;507,99;518,09;535,64
FRA;Female;476,94;546,02;510,20
FRA;Female;323,44;294,85;297,10
FRA;Male;439,33;409,06;435,20
FRA;Male;450,28;450,65;446,71
FRA;Male;461,91;525,02;465,26
FRA;Male;401,18;366,41;385,62
FRA;Male;529,96;611,31;566,69
FRA;Male;323,25;320,14;349,87
FRA;Male;453,03;467,40;461,62
FRA;Female;441,15;542,91;511,06
FRA;Male;354,90;349,51;341,90
FRA;Male;614,66;581,05;655,14
FRA;Female;559,13;537,72;551,57
FRA;Male;462,75;423,14;487,85
FRA;Female;347,80;300,55;327,37
FRA;Male;503,21;449,07;499,23
FRA;Male;344,70;334,60;367,36
FRA;Male;418,29;287,20;358,87
FRA;Male;478,42;393,39;511,46
FRA;Female;489,47;518,29;521,20
FRA;Female;481,82;469,07;461,02
FRA;Male;394,05;354,33;451,37
FRA;Female;449,01;508,08;516,81
FRA;Male;476,29;454,30;447,92
FRA;Female;394,59;446,45;400,99
FRA;Female;453,30;476,98;453,72
FRA;Male;347,33;321,50;377,45
FRA;Male;589,79;525,30;638,21
FRA;Female;440,97;465,91;404,13
FRA;Female;542,89;511,24;524,52
FRA;Male;581,35;507,28;565,75
FRA;Female;487,98;486,47;570,91
FRA;Male;578,47;544,90;602,21
FRA;Male;388,07;354,02;406,86
FRA;Male;423,79;412,83;466,04
FRA;Female;523,37;457,91;544,42
FRA;Male;325,24;247,88;358,16
FRA;Female;478,74;579,28;503,37
FRA;Male;310,83;269,95;315,53
FRA;Female;500,18;543,77;505,42
FRA;Female;473,40;497,46;520,12
FRA;Male;507,43;493,81;505,25
FRA;Female;543,70;516,79;576,75
FRA;Female;584,65;594,41;560,18
FRA;Female;272,97;278,93;302,17
FRA;Female;485,85;517,71;521,33
FRA;Female;335,14;282,72;353,73
FRA;Male;632,35;577,40;617,30
FRA;Female;494,17;483,33;479,25
FRA;Female;596,89;635,27;575,43
FRA;Male;463,88;462,23;450,72
FRA;Female;286,66;275,32;286,24
FRA;Female;353,31;300,28;382,33
FRA;Female;473,01;463,28;489,32
FRA;Female;461,39;458,60;500,83
FRA;Male;468,83;467,20;554,75
FRA;Male;428,93;405,76;386,11
FRA;Female;484,23;460,18;547,92
FRA;Female;400,69;386,43;382,43
FRA;Male;403,85;402,40;395,78
FRA;Male;545,03;504,47;545,09
FRA;Male;501,32;473,92;557,55
FRA;Female;366,97;338,67;316,59
FRA;Female;348,64;334,45;384,88
FRA;Female;448,10;469,24;542,73
FRA;Female;424,01;401,15;396,55
FRA;Female;382,54;406,50;448,84
FRA;Male;553,03;598,54;580,20
FRA;Male;470,74;520,51;571,28
FRA;Female;379,62;354,64;394,13
FRA;Male;405,32;356,16;441,20
FRA;Male;567,24;528,40;564,60
FRA;Male;391,09;411,62;382,83
FRA;Male;374,51;400,16;423,05
FRA;Male;326,97;345,19;340,72
FRA;Female;578,63;646,57;624,56
FRA;Female;540,59;567,06;603,34
FRA;Male;489,24;530,18;501,80
FRA;Male;427,38;480,85;473,16
FRA;Female;446,18;385,29;363,31
FRA;Female;503,62;569,80;580,21
FRA;Male;516,78;520,78;555,07
FRA;Male;412,48;399,22;405,57
FRA;Male;497,05;464,28;551,52
FRA;Male;522,43;513,95;557,47
FRA;Female;489,24;565,35;554,82
FRA;Female;355,27;307,32;396,33
FRA;Male;392,98;349,08;349,75
FRA;Male;583,41;499,98;592,53
FRA;Male;510,58;534,57;558,50
FRA;Male;453,31;459,86;488,89
FRA;Female;621,04;591,05;658,81
FRA;Female;336,34;442,77;376,95
FRA;Male;391,74;371,25;396,27
FRA;Male;611,39;555,25;626,94
FRA;Male;345,06;375,76;381,66
FRA;Male;473,48;442,37;495,96
FRA;Male;327,35;273,03;371,41
FRA;Female;512,44;521,14;575,84
FRA;Male;364,87;325,15;368,96
FRA;Male;345,53;250,84;323,42
FRA;Female;293,47;300,61;323,31
FRA;Male;394,66;330,94;363,30
FRA;Female;470,67;486,41;449,08
FRA;Female;313,09;306,42;335,67
FRA;Male;531,05;489,37;529,01
FRA;Female;633,05;726,51;650,06
FRA;Female;543,08;590,59;588,62
FRA;Female;403,66;457,95;433,87
FRA;Female;368,17;430,90;379,77
FRA;Female;426,45;435,30;500,64
FRA;Male;608,66;553,50;646,00
FRA;Male;481,29;448,23;467,83
FRA;Male;575,99;576,42;578,63
FRA;Female;563,58;592,71;558,27
FRA;Male;618,19;674,88;656,14
FRA;Female;430,10;440,95;370,01
FRA;Female;349,54;335,83;384,45
FRA;Male;554,00;590,56;592,26
FRA;Female;546,79;508,20;573,01
FRA;Male;373,85;395,82;319,29
FRA;Female;445,03;484,58;468,02
FRA;Male;481,14;521,04;502,82
FRA;Male;386,23;382,33;438,66
FRA;Female;483,69;467,24;526,44
FRA;Male;535,10;552,55;566,19
FRA;Female;355,60;388,39;372,75
FRA;Female;326,40;314,44;264,47
FRA;Male;577,34;563,31;610,02
FRA;Male;441,93;463,97;429,42
FRA;Male;538,24;562,95;584,29
FRA;Female;529,07;528,73;589,43
FRA;Female;509,59;542,15;541,53
FRA;Male;628,29;646,98;661,73
FRA;Female;439,32;513,18;478,29
FRA;Female;562,67;549,30;642,63
FRA;Male;387,66;399,74;386,82
FRA;Female;371,53;412,83;350,56
FRA;Female;530,71;503,31;528,31
FRA;Male;486,85;457,81;503,10
FRA;Male;503,69;455,23;543,04
FRA;Male;522,61;459,43;504,53
FRA;Female;567,75;579,27;631,84
FRA;Female;436,42;426,75;457,84
FRA;Female;560,08;557,73;573,92
FRA;Male;595,87;594,79;662,73
FRA;Male;376,36;357,87;369,99
FRA;Male;519,08;519,97;543,29
FRA;Male;459,68;403,05;439,82
ITA;Female;386,30;416,47;357,93
ITA;Male;523,97;581,52;570,35
ITA;Male;535,90;547,71;587,09
ITA;Male;377,91;280,65;394,58
ITA;Female;556,88;630,83;577,52
ITA;Female;372,95;457,28;429,65
ITA;Female;340,40;420,33;394,01
ITA;Male;667,30;579,64;669,60
ITA;Male;435,37;395,32;384,55
ITA;Female;373,96;344,96;384,02
ITA;Female;525,28;560,31;520,29
ITA;Male;385,73;356,27;416,42
ITA;Male;440,69;388,83;431,10
ITA;Female;556,96;593,84;621,18
ITA;Male;506,32;508,97;503,23
ITA;Male;619,84;603,06;643,10
ITA;Female;372,31;442,61;392,83
ITA;Male;525,73;567,07;531,94
ITA;Male;459,41;406,19;499,36
ITA;Male;452,93;351,55;426,90
ITA;Female;467,88;513,41;469,86
ITA;Female;303,34;363,21;316,28
ITA;Female;602,20;579,37;574,04
ITA;Female;465,66;537,10;468,28
ITA;Female;532,13;581,73;557,86
ITA;Female;548,02;573,81;583,32
ITA;Male;645,71;654,65;614,91
ITA;Female;410,94;459,68;385,92
ITA;Male;460,08;422,33;490,28
ITA;Male;610,90;631,25;577,46
ITA;Female;446,57;475,72;435,81
ITA;Male;480,23;453,69;494,59
ITA;Male;490,35;476,82;535,23
ITA;Male;535,37;456,84;486,84
ITA;Female;647,00;614,34;638,49
ITA;Male;580,51;606,21;548,64
ITA;Male;408,04;477,14;423,54
ITA;Female;499,90;506,76;513,63
ITA;Male;358,87;302,68;360,56
ITA;Male;492,87;452,01;421,12
ITA;Male;409,91;418,72;427,22
ITA;Male;451,96;423,77;381,27
ITA;Male;442,53;403,30;411,36
ITA;Female;565,56;533,26;485,99
ITA;Female;483,08;465,22;482,55
ITA;Male;645,40;598,28;609,51
ITA;Male;506,43;564,64;511,96
ITA;Male;409,88;445,78;420,26
ITA;Female;392,79;345,61;399,10
ITA;Female;287,84;333,26;309,72
ITA;Female;492,35;504,33;459,37
ITA;Male;487,26;445,06;470,81
ITA;Female;512,75;585,80;538,33
ITA;Male;309,67;307,67;368,23
ITA;Female;432,03;460,09;474,91
ITA;Male;542,61;486,15;528,12
ITA;Male;386,00;440,83;499,58
ITA;Female;423,28;446,10;488,37
ITA;Female;436,04;388,43;412,44
ITA;Male;397,86;376,15;367,99
ITA;Female;379,95;450,77;383,45
ITA;Male;440,36;410,58;405,36
ITA;Female;392,41;418,63;390,31
ITA;Male;575,09;572,61;582,29
ITA;Female;441,88;494,11;474,40
ITA;Male;543,57;510,64;564,36
ITA;Male;572,61;570,12;490,65
ITA;Male;523,79;444,50;520,68
ITA;Male;562,66;528,35;610,32
ITA;Male;528,29;523,12;493,48
ITA;Female;682,18;612,95;677,54
ITA;Female;435,93;514,87;528,74
ITA;Female;326,30;479,14;362,12
ITA;Male;448,29;455,93;468,58
ITA;Female;324,03;302,30;303,54
ITA;Female;456,14;482,68;444,93
ITA;Female;518,26;493,73;513,20
ITA;Male;432,59;472,14;402,45
ITA;Male;471,07;482,91;457,31
ITA;Male;731,89;745,76;699,52
ITA;Male;489,36;554,24;542,89
ITA;Female;460,14;424,56;411,95
ITA;Female;301,78;341,66;377,46
ITA;Female;573,81;579,97;572,39
ITA;Male;509,03;544,32;542,64
ITA;Male;630,13;581,25;623,59
ITA;Male;538,70;590,51;534,96
ITA;Female;392,57;477,05;433,49
ITA;Female;452,26;538,66;498,66
ITA;Male;483,45;515,75;511,60
ITA;Male;612,57;615,49;577,13
ITA;Male;442,39;417,67;424,61
ITA;Male;600,39;618,92;601,27
ITA;Male;438,58;408,18;431,76
ITA;Male;617,94;601,40;597,14
ITA;Male;448,70;414,22;469,37
ITA;Female;437,70;506,89;435,41
ITA;Female;585,63;566,26;592,31
ITA;Female;426,01;531,37;509,82
ITA;Female;427,94;464,56;444,58
ITA;Female;320,57;279,90;302,02
ITA;Female;387,38;462,00;392,65
ITA;Female;539,80;592,47;529,66
ITA;Male;377,84;339,67;380,83
ITA;Male;482,71;491,95;505,36
ITA;Female;485,66;511,07;543,26
ITA;Male;370,88;380,08;373,73
ITA;Female;436,79;509,89;422,28
ITA;Male;521,35;479,55;475,50
ITA;Male;490,98;500,46;501,79
ITA;Male;414,27;424,33;444,76
ITA;Female;335,75;305,61;334,36
ITA;Male;441,08;424,71;428,17
ITA;Female;456,86;430,92;459,72
ITA;Male;449,97;418,44;474,38
ITA;Male;471,93;517,73;433,34
ITA;Female;420,65;456,84;440,18
ITA;Male;300,08;355,08;344,90
ITA;Male;576,06;618,50;606,96
ITA;Female;455,39;524,94;444,07
ITA;Male;517,63;581,38;489,42
ITA;Female;362,29;413,60;394,28
ITA;Male;393,58;456,31;417,41
ITA;Male;527,53;437,73;495,34
ITA;Female;545,81;588,72;578,14
ITA;Female;358,89;354,54;444,31
ITA;Male;425,61;464,46;452,18
ITA;Female;525,35;585,38;476,58
ITA;Female;519,93;510,44;538,90
ITA;Female;562,23;555,09;565,68
ITA;Female;434,68;456,43;463,13
ITA;Female;484,79;546,75;413,45
ITA;Female;533,53;480,50;517,06
ITA;Female;592,32;579,66;551,76
ITA;Male;463,94;427,87;390,92
ITA;Male;376,53;389,73;367,02
ITA;Male;365,00;389,78;351,45
ITA;Female;567,54;542,00;558,18
ITA;Male;465,86;461,32;523,44
ITA;Female;445,87;455,35;479,00
ITA;Female;316,22;316,86;353,66
ITA;Male;343,81;369,46;273,72
ITA;Female;394,49;376,70;418,08
ITA;Male;289,85;255,26;345,66
ITA;Male;311,38;333,98;373,68
ITA;Male;478,60;463,53;470,53
ITA;Male;434,45;344,49;448,00
ITA;Male;379,10;332,63;406,19
ITA;Female;533,16;530,82;583,89
ITA;Male;532,69;541,12;506,77
ITA;Male;490,04;470,54;465,55
ITA;Female;523,05;541,11;598,60
ITA;Female;393,07;469,09;447,11
ITA;Female;313,07;338,78;280,63
ITA;Male;488,10;535,78;491,39
ITA;Male;439,95;455,83;436,79
ITA;Male;378,72;323,97;340,84
ITA;Female;392,71;330,60;407,80
ITA;Female;404,08;490,93;455,08
ITA;Male;493,12;434,55;530,61
ITA;Female;409,93;402,76;423,37
ITA;Male;631,46;585,26;600,60
ITA;Male;521,19;529,95;512,39
ITA;Female;492,25;552,83;558,55
ITA;Male;650,78;632,19;639,62
ITA;Male;466,11;450,10;483,67
ITA;Female;520,65;512,68;467,32
ITA;Female;290,33;325,69;298,66
ITA;Female;457,69;549,55;483,33
ITA;Female;392,03;504,95;500,90
ITA;Female;389,44;395,64;396,32
ITA;Female;374,95;447,91;391,85
ITA;Male;434,93;387,01;429,34
ITA;Male;495,59;455,25;420,92
ITA;Female;481,40;496,09;544,54
ITA;Female;347,20;309,71;306,84
ITA;Male;376,28;427,17;382,75
ITA;Male;471,65;483,55;449,01
ITA;Male;634,12;655,05;633,87
ITA;Female;395,53;466,50;443,07
ITA;Male;630,28;611,18;633,43
ITA;Female;398,41;417,43;402,60
ITA;Female;527,47;604,78;521,28
ITA;Male;674,89;665,47;614,46
ITA;Male;460,18;402,60;461,21
ITA;Male;412,95;439,48;431,15
ITA;Female;488,90;488,39;474,49
ITA;Male;667,97;591,11;642,16
ITA;Female;327,33;448,12;375,49
ITA;Male;444,86;402,28;444,77
ITA;Female;413,27;456,74;400,38
ITA;Male;534,35;427,78;544,87
ITA;Female;554,54;568,21;565,95
ITA;Male;596,10;513,90;644,58
ITA;Male;430,61;529,79;497,15
ITA;Female;376,05;439,29;400,54
ITA;Female;453,83;513,09;491,63
ITA;Male;551,95;527,63;537,55
ITA;Female;328,34;497,89;378,30
ITA;Female;509,09;548,42;489,99
ITA;Male;344,12;334,92;342,58
ITA;Male;479,56;462,06;476,66
ITA;Female;313,00;315,36;331,40
ITA;Female;566,90;623,43;576,06
ITA;Female;398,84;419,85;381,23
ITA;Female;469,07;478,04;454,06
ITA;Female;542,42;515,93;571,28
ITA;Female;428,97;538,92;393,83
ITA;Male;517,52;496,29;513,93
ITA;Female;401,61;490,79;431,99
ITA;Female;360,98;436,96;424,27
ITA;Female;515,83;550,57;534,48
ITA;Male;525,41;543,48;501,97
ITA;Male;546,38;498,20;533,11
ITA;Male;346,60;275,68;286,24
ITA;Male;370,74;344,21;307,05
ITA;Female;518,95;612,78;604,84
ITA;Female;511,28;517,31;540,93
ITA;Male;509,24;471,93;547,28
ITA;Male;480,16;410,02;479,62
ITA;Female;399,62;489,99;415,98
ITA;Female;409,62;416,28;366,08
ITA;Female;442,34;393,04;473,83
ITA;Male;544,10;425,25;534,23
ITA;Female;480,02;496,40;510,01
ITA;Male;639,28;530,46;612,17
ITA;Male;598,96;609,77;664,11
ITA;Female;423,58;453,76;393,79
ITA;Male;544,82;514,23;567,34
ITA;Female;492,72;498,27;485,92
ITA;Female;611,14;571,52;552,95
ITA;Male;380,82;382,24;383,04
ITA;Female;394,05;524,03;464,48
ITA;Male;569,37;503,35;602,24
ITA;Male;512,77;463,89;502,49
ITA;Male;376,30;304,40;428,31
ITA;Female;444,71;526,81;486,52
ITA;Male;413,81;422,56;452,23
ITA;Female;617,68;628,18;636,45
ITA;Female;313,38;377,95;339,95
ITA;Male;501,39;548,25;513,21
ITA;Female;427,39;382,79;402,89
ITA;Male;390,94;373,26;421,98
ITA;Female;499,16;525,49;524,56
ITA;Female;308,20;335,83;294,07
ITA;Male;394,26;353,99;346,12
ITA;Male;589,76;554,23;652,71
ITA;Female;476,37;498,00;498,67
ITA;Female;459,11;502,11;496,25
ITA;Male;552,89;537,86;528,52
ITA;Female;474,80;531,04;444,08
ITA;Male;496,25;501,76;418,94
ITA;Female;427,63;434,62;438,40
ITA;Female;402,70;469,24;454,30
ITA;Female;500,10;455,39;467,22
ITA;Male;516,43;620,59;479,77
ITA;Male;688,19;561,79;653,17
ITA;Female;640,04;671,28;624,98
ITA;Female;477,64;461,93;568,31
ITA;Male;640,33;572,89;660,64
ITA;Male;351,79;336,59;349,83
ITA;Male;469,35;446,69;540,63
ITA;Female;379,25;388,53;334,88
ITA;Female;393,32;496,72;487,78
ITA;Male;460,57;467,71;496,45
ITA;Female;429,13;468,89;454,11
ITA;Female;411,24;428,07;465,96
ITA;Male;369,57;356,84;397,87
ITA;Male;497,91;451,45;435,94
ITA;Female;501,49;570,35;504,46
ITA;Male;461,24;424,48;457,77
ITA;Male;414,58;413,83;390,82
ITA;Male;272,38;249,55;403,76
ITA;Female;394,76;398,05;437,69
ITA;Female;437,47;493,27;443,46
ITA;Male;483,17;524,97;490,10
ITA;Male;466,98;463,56;446,54
ITA;Female;498,11;536,57;457,44
ITA;Female;457,33;536,34;434,91
ITA;Male;594,36;465,22;600,70
ITA;Male;655,74;583,14;627,29
ITA;Female;496,95;501,12;521,06
ITA;Male;423,03;391,03;445,95
ITA;Female;400,52;448,37;412,39
ITA;Male;444,03;535,04;426,27
ITA;Female;328,57;434,49;326,37
ITA;Female;565,67;602,93;588,45
ITA;Female;360,10;459,69;401,85
ITA;Female;505,30;568,60;568,99
ITA;Female;541,93;552,42;532,14
ITA;Female;578,36;611,69;556,63
ITA;Male;637,07;596,55;627,03
ITA;Male;569,31;538,29;544,16
ITA;Male;258,70;285,21;250,27
ITA;Male;547,17;534,95;540,26
ITA;Male;541,23;523,20;517,12
ITA;Female;453,31;418,13;487,58
ITA;Female;397,71;442,55;388,13
ITA;Female;402,58;468,34;396,98
ITA;Male;362,04;339,67;410,69
